,Currency,Rates
0,AED,4.259072
1,AFN,103.784283
2,ALL,121.927067
3,AMD,562.752891
4,ANG,2.080902
